{
  "generated": "2026-02-07",
  "source": "plans/verify.sh",
  "source_lines": 2289,
  "measurement_context": {
    "verify_mode": "full",
    "platform": "macOS Darwin 24.4.0",
    "parallel_workers": 4,
    "run_id": "20260207_173637",
    "notes": "Rust/Python/Node stack gates change-skipped (no relevant file changes). Node toolchain absent."
  },
  "gates": [
    {
      "order": 1,
      "gate_id": "preflight",
      "invoked_from": "verify.sh:1893-1895",
      "command": "./plans/preflight.sh [--strict]",
      "conditions": "Always. --strict in CI or VERIFY_PREFLIGHT_STRICT=1",
      "mode": "quick+full",
      "measured_seconds": 27,
      "function_bucket": "workflow/process",
      "importance": "HIGH",
      "rationale": "Catches missing files/tools before expensive gates"
    },
    {
      "order": 2,
      "gate_id": "parallel_smoke",
      "invoked_from": "verify.sh:1905",
      "command": "./plans/test_parallel_smoke.sh",
      "conditions": "Always. Requires -x plans/test_parallel_smoke.sh",
      "mode": "quick+full",
      "measured_seconds": 7,
      "function_bucket": "workflow/process",
      "importance": "LOW",
      "rationale": "Tests verify.sh own parallel primitives; meta-gate, not product quality"
    },
    {
      "order": 3,
      "gate_id": "contract_coverage",
      "invoked_from": "verify.sh:1920",
      "command": "$PYTHON_BIN plans/contract_coverage_matrix.py",
      "conditions": "should_run_contract_coverage() + decide_skip_gate. Change-gated: plans/prd.json, docs/contract_anchors.md, docs/validation_rules.md, plans/contract_coverage_matrix.py. Full mode always.",
      "mode": "full (quick if changes)",
      "measured_seconds": null,
      "measured_note": "skipped (no relevant changes detected)",
      "function_bucket": "contract",
      "importance": "HIGH",
      "rationale": "Maps PRD stories to contract sections; catches untracked contract drift"
    },
    {
      "order": 4,
      "gate_id": "contract_crossrefs",
      "invoked_from": "spec_validators_group.sh:10 via verify.sh:1970",
      "command": "$PYTHON_BIN scripts/check_contract_crossrefs.py --contract $CONTRACT_FILE --strict --check-at --include-bare-section-refs",
      "conditions": "decide_skip_gate spec_validators_group. Parallel group (up to 4 jobs).",
      "mode": "quick+full",
      "measured_seconds": 3,
      "function_bucket": "specs",
      "importance": "CRITICAL",
      "rationale": "Validates section and AT-### cross-refs in CONTRACT.md; broken refs = spec integrity failure"
    },
    {
      "order": 5,
      "gate_id": "arch_flows",
      "invoked_from": "spec_validators_group.sh:11 via verify.sh:1970",
      "command": "$PYTHON_BIN scripts/check_arch_flows.py --contract $CONTRACT_FILE --flows $ARCH_FLOWS_FILE --strict",
      "conditions": "Same as contract_crossrefs",
      "mode": "quick+full",
      "measured_seconds": 3,
      "function_bucket": "specs",
      "importance": "CRITICAL",
      "rationale": "Validates architecture flow refs resolve in contract; catches orphaned flows"
    },
    {
      "order": 6,
      "gate_id": "state_machines",
      "invoked_from": "spec_validators_group.sh:12 via verify.sh:1970",
      "command": "$PYTHON_BIN scripts/check_state_machines.py --dir specs/state_machines --strict --contract $CONTRACT_FILE --flows $ARCH_FLOWS_FILE --invariants $GLOBAL_INVARIANTS_FILE",
      "conditions": "Same as contract_crossrefs",
      "mode": "quick+full",
      "measured_seconds": 3,
      "function_bucket": "specs",
      "importance": "CRITICAL",
      "rationale": "Validates TradingMode/RiskState/OpenPermissionLatch state machines; reachability, transition coverage, contract enum alignment"
    },
    {
      "order": 7,
      "gate_id": "global_invariants",
      "invoked_from": "spec_validators_group.sh:13 via verify.sh:1970",
      "command": "$PYTHON_BIN scripts/check_global_invariants.py --file $GLOBAL_INVARIANTS_FILE --contract $CONTRACT_FILE",
      "conditions": "Same as contract_crossrefs",
      "mode": "quick+full",
      "measured_seconds": 2,
      "function_bucket": "specs",
      "importance": "CRITICAL",
      "rationale": "Validates GI-### blocks have enforcement points, forbidden states, AT coverage"
    },
    {
      "order": 8,
      "gate_id": "time_freshness",
      "invoked_from": "spec_validators_group.sh:14 via verify.sh:1970",
      "command": "$PYTHON_BIN scripts/check_time_freshness.py --contract $CONTRACT_FILE --spec specs/flows/TIME_FRESHNESS.yaml --strict",
      "conditions": "Same as contract_crossrefs",
      "mode": "quick+full",
      "measured_seconds": 3,
      "function_bucket": "specs",
      "importance": "CRITICAL",
      "rationale": "Validates time/freshness requirements; stale data = wrong trading decisions"
    },
    {
      "order": 9,
      "gate_id": "crash_matrix",
      "invoked_from": "spec_validators_group.sh:15 via verify.sh:1970",
      "command": "$PYTHON_BIN scripts/check_crash_matrix.py --contract $CONTRACT_FILE --matrix specs/flows/CRASH_MATRIX.md",
      "conditions": "Same as contract_crossrefs",
      "mode": "quick+full",
      "measured_seconds": 2,
      "function_bucket": "specs",
      "importance": "CRITICAL",
      "rationale": "Validates crash recovery matrix; AT proof refs; crash recovery correctness"
    },
    {
      "order": 10,
      "gate_id": "crash_replay_idempotency",
      "invoked_from": "spec_validators_group.sh:16 via verify.sh:1970",
      "command": "$PYTHON_BIN scripts/check_crash_replay_idempotency.py --contract $CONTRACT_FILE --spec specs/flows/CRASH_REPLAY_IDEMPOTENCY.yaml --strict",
      "conditions": "Same as contract_crossrefs",
      "mode": "quick+full",
      "measured_seconds": 2,
      "function_bucket": "specs",
      "importance": "CRITICAL",
      "rationale": "Validates replay idempotency spec; prevents duplicate order execution on crash recovery"
    },
    {
      "order": 11,
      "gate_id": "reconciliation_matrix",
      "invoked_from": "spec_validators_group.sh:17 via verify.sh:1970",
      "command": "$PYTHON_BIN scripts/check_reconciliation_matrix.py --matrix specs/flows/RECONCILIATION_MATRIX.md --contract $CONTRACT_FILE --strict",
      "conditions": "Same as contract_crossrefs",
      "mode": "quick+full",
      "measured_seconds": 2,
      "function_bucket": "specs",
      "importance": "CRITICAL",
      "rationale": "Validates reconciliation matrix; reason codes, AT resolution; reconciliation safety"
    },
    {
      "order": 12,
      "gate_id": "csp_trace",
      "invoked_from": "spec_validators_group.sh:18 via verify.sh:1970",
      "command": "$PYTHON_BIN scripts/check_csp_trace.py --contract $CONTRACT_FILE --trace specs/TRACE.yaml",
      "conditions": "Same as contract_crossrefs",
      "mode": "quick+full",
      "measured_seconds": 2,
      "function_bucket": "specs",
      "importance": "HIGH",
      "rationale": "CSP clause-to-implementation traceability; catches unmapped contract clauses"
    },
    {
      "order": 13,
      "gate_id": "status_fixture_market_data_stale",
      "invoked_from": "verify.sh:2007-2019",
      "command": "$PYTHON_BIN tools/validate_status.py --file $f --schema $STATUS_EXACT_SCHEMA --manifest $STATUS_MANIFEST --strict [--quiet]",
      "conditions": "Only if tests/fixtures/status/ dir exists. Parallel (up to 4 jobs).",
      "mode": "quick+full",
      "measured_seconds": 6,
      "function_bucket": "status/observability",
      "importance": "HIGH",
      "rationale": "Validates /status endpoint fixture against exact JSON schema + reason registry"
    },
    {
      "order": 14,
      "gate_id": "status_fixture_partial_fill_containment",
      "invoked_from": "verify.sh:2007-2019",
      "command": "(same as status_fixture_market_data_stale)",
      "conditions": "(same as #13)",
      "mode": "quick+full",
      "measured_seconds": 6,
      "function_bucket": "status/observability",
      "importance": "HIGH",
      "rationale": "(same as #13)"
    },
    {
      "order": 15,
      "gate_id": "status_fixture_restart_reconcile",
      "invoked_from": "verify.sh:2007-2019",
      "command": "(same as status_fixture_market_data_stale)",
      "conditions": "(same as #13)",
      "mode": "quick+full",
      "measured_seconds": 5,
      "function_bucket": "status/observability",
      "importance": "HIGH",
      "rationale": "(same as #13)"
    },
    {
      "order": 16,
      "gate_id": "status_fixture_session_termination",
      "invoked_from": "verify.sh:2007-2019",
      "command": "(same as status_fixture_market_data_stale)",
      "conditions": "(same as #13)",
      "mode": "quick+full",
      "measured_seconds": 4,
      "function_bucket": "status/observability",
      "importance": "HIGH",
      "rationale": "(same as #13)"
    },
    {
      "order": 17,
      "gate_id": "status_fixture_unknown_token_force_kill",
      "invoked_from": "verify.sh:2007-2019",
      "command": "(same as status_fixture_market_data_stale)",
      "conditions": "(same as #13)",
      "mode": "quick+full",
      "measured_seconds": 3,
      "function_bucket": "status/observability",
      "importance": "HIGH",
      "rationale": "(same as #13)"
    },
    {
      "order": 18,
      "gate_id": "status_fixture_wal_backpressure",
      "invoked_from": "verify.sh:2007-2019",
      "command": "(same as status_fixture_market_data_stale)",
      "conditions": "(same as #13)",
      "mode": "quick+full",
      "measured_seconds": 3,
      "function_bucket": "status/observability",
      "importance": "HIGH",
      "rationale": "(same as #13)"
    },
    {
      "order": 19,
      "gate_id": "endpoint_gate",
      "invoked_from": "verify.sh:2035-2071 (inline logic, no run_logged)",
      "command": "Regex match on CHANGED_FILES against ENDPOINT_PATTERNS vs TEST_PATTERNS",
      "conditions": "ENDPOINT_GATE!=0 (disabled locally with =0). Change-detection required.",
      "mode": "quick+full",
      "measured_seconds": 0,
      "measured_note": "inline, <1s",
      "function_bucket": "workflow/process",
      "importance": "MEDIUM",
      "rationale": "Proxy: endpoint code changes must be paired with test changes"
    },
    {
      "order": 20,
      "gate_id": "postmortem_check",
      "invoked_from": "verify.sh:2082",
      "command": "$ROOT/plans/postmortem_check.sh",
      "conditions": "POSTMORTEM_GATE!=0 (disabled locally with =0). Requires -x plans/postmortem_check.sh.",
      "mode": "quick+full",
      "measured_seconds": 4,
      "function_bucket": "workflow/process",
      "importance": "LOW",
      "rationale": "Enforces PR postmortem entry exists; process gate, not correctness"
    },
    {
      "order": 21,
      "gate_id": "vendor_docs_lint_rust",
      "invoked_from": "verify.sh:2095",
      "command": "$PYTHON_BIN tools/vendor_docs_lint_rust.py",
      "conditions": "Only if Cargo.toml + specs/vendor_docs/rust/CRATES_OF_INTEREST.yaml exist",
      "mode": "quick+full",
      "measured_seconds": 4,
      "function_bucket": "specs",
      "importance": "MEDIUM",
      "rationale": "Validates vendored Rust documentation; correctness aid, not safety-critical"
    },
    {
      "order": 22,
      "gate_id": "rust_fmt",
      "invoked_from": "rust_gates.sh:36 via verify.sh:2104",
      "command": "cargo fmt --all -- --check",
      "conditions": "Cargo.toml exists + should_run_rust_gates()",
      "mode": "quick+full",
      "measured_seconds": null,
      "measured_note": "change-skipped (no rust-affecting changes detected)",
      "function_bucket": "formatting",
      "importance": "MEDIUM",
      "rationale": "Rust formatting check"
    },
    {
      "order": 23,
      "gate_id": "rust_clippy",
      "invoked_from": "rust_gates.sh:40 via verify.sh:2104",
      "command": "cargo clippy --workspace --all-targets --all-features -- -D warnings",
      "conditions": "Full mode only. Cargo.toml + should_run_rust_gates()",
      "mode": "full only",
      "measured_seconds": null,
      "measured_note": "change-skipped (no rust-affecting changes detected)",
      "function_bucket": "static analysis",
      "importance": "HIGH",
      "rationale": "Catches correctness issues (warnings-as-errors) in Rust"
    },
    {
      "order": 24,
      "gate_id": "rust_tests_full",
      "invoked_from": "rust_gates.sh:47 via verify.sh:2104",
      "command": "cargo test --workspace --all-features --locked",
      "conditions": "Full mode only. Cargo.toml + should_run_rust_gates()",
      "mode": "full only",
      "measured_seconds": null,
      "measured_note": "change-skipped (no rust-affecting changes detected)",
      "function_bucket": "unit tests",
      "importance": "CRITICAL",
      "rationale": "Full Rust test suite with all features; catches regressions"
    },
    {
      "order": 25,
      "gate_id": "rust_tests_quick",
      "invoked_from": "rust_gates.sh:49 via verify.sh:2104",
      "command": "cargo test --workspace --lib --locked",
      "conditions": "Quick mode only. Cargo.toml + should_run_rust_gates()",
      "mode": "quick only",
      "measured_seconds": null,
      "measured_note": "change-skipped (no rust-affecting changes detected)",
      "function_bucket": "unit tests",
      "importance": "HIGH",
      "rationale": "Library-only Rust tests; fast feedback loop"
    },
    {
      "order": 26,
      "gate_id": "python_ruff_check",
      "invoked_from": "python_gates.sh:38 via verify.sh:2104",
      "command": "ruff check .",
      "conditions": "ruff available. pyproject.toml/requirements.txt + should_run_python_gates(). CI: required",
      "mode": "quick+full",
      "measured_seconds": null,
      "measured_note": "change-skipped (no python-affecting changes detected)",
      "function_bucket": "static analysis",
      "importance": "MEDIUM",
      "rationale": "Python lint (ruff)"
    },
    {
      "order": 27,
      "gate_id": "python_ruff_format",
      "invoked_from": "python_gates.sh:41 via verify.sh:2104",
      "command": "ruff format --check .",
      "conditions": "Same as python_ruff_check",
      "mode": "quick+full",
      "measured_seconds": null,
      "measured_note": "change-skipped (no python-affecting changes detected)",
      "function_bucket": "formatting",
      "importance": "LOW",
      "rationale": "Python format check"
    },
    {
      "order": 28,
      "gate_id": "python_pytest_quick",
      "invoked_from": "python_gates.sh:55 via verify.sh:2104",
      "command": "pytest -q -m \"not integration and not slow\"",
      "conditions": "Quick mode. pytest available. Fallback to full on failure.",
      "mode": "quick only",
      "measured_seconds": null,
      "measured_note": "change-skipped (no python-affecting changes detected)",
      "function_bucket": "unit tests",
      "importance": "HIGH",
      "rationale": "Fast Python tests excluding integration/slow"
    },
    {
      "order": 29,
      "gate_id": "python_pytest_full",
      "invoked_from": "python_gates.sh:58,61 via verify.sh:2104",
      "command": "pytest -q",
      "conditions": "Full mode or quick fallback. pytest available.",
      "mode": "full (+ quick fallback)",
      "measured_seconds": null,
      "measured_note": "change-skipped (no python-affecting changes detected)",
      "function_bucket": "unit tests",
      "importance": "HIGH",
      "rationale": "Complete Python test suite"
    },
    {
      "order": 30,
      "gate_id": "python_mypy",
      "invoked_from": "python_gates.sh:76,78 via verify.sh:2104",
      "command": "mypy . [--ignore-missing-imports]",
      "conditions": "mypy available. Strict if REQUIRE_MYPY=1",
      "mode": "quick+full",
      "measured_seconds": null,
      "measured_note": "change-skipped (no python-affecting changes detected)",
      "function_bucket": "static analysis",
      "importance": "MEDIUM",
      "rationale": "Python type checking"
    },
    {
      "order": 31,
      "gate_id": "node_lint",
      "invoked_from": "node_gates.sh:42-53 via verify.sh:2104",
      "command": "{pnpm|npm|yarn} run lint",
      "conditions": "package.json + lockfile + should_run_node_gates()",
      "mode": "quick+full",
      "measured_seconds": null,
      "measured_note": "N/A (toolchain absent)",
      "function_bucket": "static analysis",
      "importance": "MEDIUM",
      "rationale": "Node/TS linting"
    },
    {
      "order": 32,
      "gate_id": "node_typecheck",
      "invoked_from": "node_gates.sh:43-56 via verify.sh:2104",
      "command": "{pnpm|npm|yarn} run typecheck",
      "conditions": "Same as node_lint",
      "mode": "quick+full",
      "measured_seconds": null,
      "measured_note": "N/A (toolchain absent)",
      "function_bucket": "static analysis",
      "importance": "HIGH",
      "rationale": "TypeScript type checking; catches type errors"
    },
    {
      "order": 33,
      "gate_id": "node_test",
      "invoked_from": "node_gates.sh:44-59 via verify.sh:2104",
      "command": "{pnpm|npm|yarn} run test",
      "conditions": "Same as node_lint",
      "mode": "quick+full",
      "measured_seconds": null,
      "measured_note": "N/A (toolchain absent)",
      "function_bucket": "unit tests",
      "importance": "HIGH",
      "rationale": "Node/TS unit tests"
    },
    {
      "order": 34,
      "gate_id": "vq_evidence",
      "invoked_from": "verify.sh:2123-2125 (no run_logged)",
      "command": "$PYTHON_BIN scripts/check_vq_evidence.py",
      "conditions": "Only if script exists. Optional strictness via REQUIRE_VQ_EVIDENCE=1",
      "mode": "quick+full",
      "measured_seconds": 0,
      "measured_note": "inline, <1s",
      "function_bucket": "specs",
      "importance": "MEDIUM",
      "rationale": "Validates venue facts evidence (VQ-### records have contract+AT refs)"
    },
    {
      "order": 35,
      "gate_id": "f1_cert",
      "invoked_from": "verify.sh:2141-2156 (inline)",
      "command": "$PYTHON_BIN python/tools/f1_certify.py --window=24h --out=artifacts/F1_CERT.json + jq validation",
      "conditions": "Only if VERIFY_MODE=promotion or REQUIRE_F1_CERT=1",
      "mode": "promotion only",
      "measured_seconds": null,
      "measured_note": "N/A (not promotion mode)",
      "function_bucket": "contract",
      "importance": "CRITICAL",
      "rationale": "Release-grade financial cert; wrong cert = production trading risk"
    },
    {
      "order": 36,
      "gate_id": "integration_smoke",
      "invoked_from": "verify.sh:2167-2196 (inline)",
      "command": "docker compose up -d --build + curl health checks",
      "conditions": "Full mode + INTEGRATION_SMOKE=1 + docker available",
      "mode": "full (opt-in)",
      "measured_seconds": null,
      "measured_note": "N/A (opt-in disabled)",
      "function_bucket": "integration/e2e",
      "importance": "LOW",
      "rationale": "Docker-compose smoke; disabled by default; rarely used"
    },
    {
      "order": 37,
      "gate_id": "e2e",
      "invoked_from": "verify.sh:2204-2244 (inline)",
      "command": "Playwright/Cypress/custom E2E_CMD",
      "conditions": "E2E=1 (opt-in)",
      "mode": "quick+full (opt-in)",
      "measured_seconds": null,
      "measured_note": "N/A (opt-in disabled)",
      "function_bucket": "integration/e2e",
      "importance": "LOW",
      "rationale": "UI end-to-end; disabled by default"
    },
    {
      "order": 38,
      "gate_id": "workflow_acceptance",
      "invoked_from": "verify.sh:2254-2258",
      "command": "./plans/workflow_acceptance[_parallel].sh --mode smoke|full [--jobs N]",
      "conditions": "should_run_workflow_acceptance(). CI: always. Local: change-gated. ~119 tests.",
      "mode": "quick+full (gated)",
      "measured_seconds": null,
      "measured_seconds": 1807,
      "measured_note": "119 tests, 4 parallel workers, individual tests 1-319s. Hit 30m timeout limit.",
      "function_bucket": "workflow/process",
      "importance": "NOT-IMPORTANT",
      "rationale": "Tests verify.sh/ralph harness itself; meta-gate for workflow, not product"
    }
  ],
  "preflight_sub_checks": [
    {"sub_id": "pf-1", "check": "git repo", "line": "68-72", "validates": "Working dir is git repo"},
    {"sub_id": "pf-2", "check": "tools: git, jq, bash", "line": "84-86", "validates": "Required tools installed"},
    {"sub_id": "pf-3", "check": "plans/prd.json exists", "line": "99", "validates": "PRD file present"},
    {"sub_id": "pf-4", "check": "CONTRACT.md exists", "line": "103", "validates": "Contract spec present"},
    {"sub_id": "pf-5", "check": "shell syntax", "line": "112-125", "validates": "bash -n plans/*.sh -- all shell scripts parse"},
    {"sub_id": "pf-6", "check": "PRD schema", "line": "128-141", "validates": "prd.json matches schema (via prd_schema_check.sh)"},
    {"sub_id": "pf-7", "check": "postmortem", "line": "144-173", "validates": "Postmortem entry for BASE_REF"}
  ],
  "change_detection": [
    {"function": "should_run_rust_gates()", "file_patterns": "*.rs, Cargo.toml, Cargo.lock, rust-toolchain*, rustfmt.toml, clippy.toml, .cargo/*", "default": "always run (fail-open)"},
    {"function": "should_run_python_gates()", "file_patterns": "*.py, *.pyi, pyproject.toml, requirements*.txt, setup.*, tox.ini, mypy.ini, pytest.ini, poetry.lock, uv.lock, ruff.toml, Pipfile*, .python-version", "default": "always run"},
    {"function": "should_run_node_gates()", "file_patterns": "*.ts, *.tsx, *.js, *.jsx, *.mjs, *.cjs, package.json, *-lock.*, tsconfig.*, eslint.*, .prettierrc*, jest/vitest/babel/vite/next/webpack/rollup.config.*", "default": "always run"},
    {"function": "should_run_contract_coverage()", "file_patterns": "plans/prd.json, docs/contract_anchors.md, docs/validation_rules.md, plans/contract_coverage_matrix.py", "default": "always run"},
    {"function": "should_run_workflow_acceptance()", "file_patterns": "workflow_files_allowlist.txt entries", "default": "always run in CI; local: run if changes"}
  ],
  "classification": {
    "by_importance": {
      "CRITICAL": ["contract_crossrefs", "arch_flows", "state_machines", "global_invariants", "time_freshness", "crash_matrix", "crash_replay_idempotency", "reconciliation_matrix", "rust_tests_full", "f1_cert"],
      "HIGH": ["preflight", "contract_coverage", "csp_trace", "status_fixture_market_data_stale", "status_fixture_partial_fill_containment", "status_fixture_restart_reconcile", "status_fixture_session_termination", "status_fixture_unknown_token_force_kill", "status_fixture_wal_backpressure", "rust_clippy", "rust_tests_quick", "python_pytest_quick", "python_pytest_full", "node_typecheck", "node_test"],
      "MEDIUM": ["endpoint_gate", "vendor_docs_lint_rust", "rust_fmt", "python_ruff_check", "python_mypy", "node_lint", "vq_evidence"],
      "LOW": ["parallel_smoke", "postmortem_check", "integration_smoke", "e2e", "python_ruff_format"],
      "NOT-IMPORTANT": ["workflow_acceptance"]
    },
    "by_function": {
      "contract": ["contract_coverage", "f1_cert"],
      "specs": ["contract_crossrefs", "arch_flows", "state_machines", "global_invariants", "time_freshness", "crash_matrix", "crash_replay_idempotency", "reconciliation_matrix", "csp_trace", "vq_evidence"],
      "status/observability": ["status_fixture_market_data_stale", "status_fixture_partial_fill_containment", "status_fixture_restart_reconcile", "status_fixture_session_termination", "status_fixture_unknown_token_force_kill", "status_fixture_wal_backpressure"],
      "unit_tests": ["rust_tests_full", "rust_tests_quick", "python_pytest_quick", "python_pytest_full", "node_test"],
      "static_analysis": ["rust_clippy", "python_ruff_check", "python_mypy", "node_lint", "node_typecheck"],
      "formatting": ["rust_fmt", "python_ruff_format"],
      "integration_e2e": ["integration_smoke", "e2e"],
      "workflow_process": ["preflight", "parallel_smoke", "endpoint_gate", "postmortem_check"],
      "misc": ["vendor_docs_lint_rust", "workflow_acceptance"]
    }
  }
}
